"","nogs","rhos","ps"
"1","Actinobacteria",0.370601147413254,0.0185687847001916
"2","Cytophagia",-0.320064634084702,0.0440739160041828
"3","Thermotogae",0.312407582998276,0.0496905192106727
