"","nogs","rhos","ps"
"1","Thaumarchaeota",-0.470142781734467,0.00220507083690036
